Codice;Territorio;Variable;2003;2004;2005
'010;Piemonte;INCFAM;27522;29808;28999
'020;Valle D'Aosta;INCFAM;27474;29798;28497
'030;Lombardia;INCFAM;30095;32079;31549
'070;Liguria;INCFAM;24355;25469;25109
'040;Trentino Alto Adige;INCFAM;29353;29946;31159
'021;Bolzano - Bozen;INCFAM;31116;31830;32009
'022;Trento;INCFAM;27774;28249;30388
'050;Veneto;INCFAM;28044;29160;29411
'060;Friuli Venezia Giulia;INCFAM;28025;28752;28414
'080;Emilia Romagna;INCFAM;29895;31452;31444
'090;Toscana;INCFAM;29190;29588;29915
'100;Umbria;INCFAM;27340;27886;28672
'110;Marche;INCFAM;27908;28495;29550
'120;Lazio;INCFAM;28157;30019;29301
'130;Abruzzo;INCFAM;25303;26791;26853
'140;Molise;INCFAM;23603;22644;23711
'150;Campania;INCFAM;23011;23774;23573
'160;Puglia;INCFAM;22382;22124;22933
'170;Basilicata;INCFAM;20778;21674;21867
'180;Calabria;INCFAM;19835;21669;22766
'190;Sicilia;INCFAM;19847;20755;20960
'200;Sardegna;INCFAM;24984;26921;25494
'001;Nord-Ovest;INCFAM;28682;30663;30075
'002;Nord-Est;INCFAM;28879;30080;30246
'003;Centro;INCFAM;28405;29519;29487
'004;Sud;INCFAM;22510;23175;23527
'005;Isole;INCFAM;21127;22289;22094
'006;Italia;INCFAM;26521;27815;27731
'010;Piemonte;INCMEDFAM;22373;23973;24282
'020;Valle D'Aosta;INCMEDFAM;22336;23225;23073
'030;Lombardia;INCMEDFAM;24570;26054;25840
'070;Liguria;INCMEDFAM;19614;20224;20994
'040;Trentino Alto Adige;INCMEDFAM;24605;25754;27068
'021;Bolzano - Bozen;INCMEDFAM;25507;25810;27082
'022;Trento;INCMEDFAM;23453;25534;27068
'050;Veneto;INCMEDFAM;23538;23857;24879
'060;Friuli Venezia Giulia;INCMEDFAM;23145;23766;23935
'080;Emilia Romagna;INCMEDFAM;24474;25518;25626
'090;Toscana;INCMEDFAM;24070;25268;24364
'100;Umbria;INCMEDFAM;22723;22908;22602
'110;Marche;INCMEDFAM;23559;24682;25191
'120;Lazio;INCMEDFAM;21892;24116;24030
'130;Abruzzo;INCMEDFAM;21097;22656;22154
'140;Molise;INCMEDFAM;19102;19375;19368
'150;Campania;INCMEDFAM;18478;19194;19000
'160;Puglia;INCMEDFAM;18300;18193;18652
'170;Basilicata;INCMEDFAM;17652;17765;19086
'180;Calabria;INCMEDFAM;17214;16820;17396
'190;Sicilia;INCMEDFAM;15317;16846;16700
'200;Sardegna;INCMEDFAM;20200;22061;22114
'001;Nord-Ovest;INCMEDFAM;23412;24735;24898
'002;Nord-Est;INCMEDFAM;23998;24648;25376
'003;Centro;INCMEDFAM;22876;24331;24220
'004;Sud;INCMEDFAM;18504;18823;18923
'005;Isole;INCMEDFAM;16331;17698;17795
'006;Italia;INCMEDFAM;21217;22303;22447
'010;Piemonte;INCAVG;16464;17698;17631
'020;Valle D'Aosta;INCAVG;17385;18317;16537
'030;Lombardia;INCAVG;18073;19355;18806
'070;Liguria;INCAVG;15663;16332;16387
'040;Trentino Alto Adige;INCAVG;16275;16884;17055
'021;Bolzano - Bozen;INCAVG;16772;17048;17321
'022;Trento;INCAVG;15802;16726;16811
'050;Veneto;INCAVG;15676;16265;16615
'060;Friuli Venezia Giulia;INCAVG;16829;16793;16778
'080;Emilia Romagna;INCAVG;16964;17483;17647
'090;Toscana;INCAVG;16551;16658;16892
'100;Umbria;INCAVG;15028;15623;16724
'110;Marche;INCAVG;15056;15146;15904
'120;Lazio;INCAVG;16953;17728;18460
'130;Abruzzo;INCAVG;14115;14561;15696
'140;Molise;INCAVG;13684;13963;14698
'150;Campania;INCAVG;14109;15217;15054
'160;Puglia;INCAVG;13121;13377;14065
'170;Basilicata;INCAVG;12589;12963;12862
'180;Calabria;INCAVG;11795;12685;13822
'190;Sicilia;INCAVG;13895;14630;14168
'200;Sardegna;INCAVG;15178;15932;15295
'001;Nord-Ovest;INCAVG;17392;18605;18237
'002;Nord-Est;INCAVG;16344;16844;17074
'003;Centro;INCAVG;16413;16858;17443
'004;Sud;INCAVG;13416;14115;14549
'005;Isole;INCAVG;14279;15017;14496
'006;Italia;INCAVG;15852;16623;16722
